<?xml version="1.0" encoding="UTF-8"?>
<!DOCTYPE suite SYSTEM "https://testng.org/testng-1.0.dtd">
<suite name="Leaftaps" parallel="tests" verbose="5">
	<parameter name="url"
		value="http://leaftaps.com/opentaps/control/main"></parameter>
	<parameter name="username" value="Demosalesmanager"></parameter>
	<parameter name="password" value="crmsfa"></parameter>
	
	<test name="ChromeBrowserTesting" verbose="5">
	<parameter name="browser" value="chrome"></parameter>
		<classes>
			<class name="week6.day1.CreateLead" />
			<class name="week6.day1.EditLead" />
		</classes>
	</test> <!-- Test -->
	
	<test name="EdgeBrowserTesting" verbose="5">
	<parameter name="browser" value="edge"></parameter>
		<classes>
			<class name="week6.day1.CreateLead" />
			<class name="week6.day1.EditLead" />
		</classes>
	</test> <!-- Test -->
	
	<test name="FirefoxBrowserTesting" verbose="5">
	<parameter name="browser" value="firefox"></parameter>
		<classes>
			<class name="week6.day1.CreateLead" />
			<class name="week6.day1.EditLead" />
		</classes>
	</test> <!-- Test -->
</suite> <!-- Suite -->
