<?xml version="1.0" encoding="UTF-8"?>
<!DOCTYPE suite SYSTEM "https://testng.org/testng-1.0.dtd">
<suite name="Suite">
  <test thread-count="5"  name="Test">
  <parameter name="language" value="en"></parameter>
    <classes>
    <!--   <class name="testcases.RunLogin"/> -->
      <class name="testcases.RunCreateLead"/>
    </classes>
  </test> <!-- Test -->
  
  <test thread-count="5"  name="frTest">
  <parameter name="language" value="fr"></parameter>
    <classes>
    <!--   <class name="testcases.RunLogin"/> -->
      <class name="testcases.RunCreateLead"/>
    </classes>
  </test> <!-- Test -->
</suite> <!-- Suite -->
