<?xml version="1.0" encoding="UTF-8"?>
<!DOCTYPE suite SYSTEM "https://testng.org/testng-1.0.dtd">
<suite name="Leaftaps" thread-count = "2" parallel="tests" verbose="5">
	<test name="Leads Module" thread-count = "2" parallel="classes">
		<classes>
			<class name="week5.day1.testcase.CreateLead" />
			<class name="week5.day1.testcase.EditLead" />
			<!-- <class name="week5.day1.testcase.DeleteLead" />
			<class name="week5.day1.testcase.MergeLead" /> -->
		</classes>
	</test> <!-- Test -->
	
	<!-- <test name="Accounts Module">
		<classes>
			<class name="week5.day1.testcase.DeleteLead" />
			<class name="week5.day1.testcase.MergeLead" />
		</classes>
	</test> Test -->
</suite> <!-- Suite -->
